City_ID,City,Country,Lat,Lng,Max Temp,Humidity,Cloudiness,Wind Speed,Current Description
0,Rundu,NA,-17.9333,19.7667,62.74,27,0,4.83,clear sky
1,Filiatra,GR,37.15,21.5833,72.75,80,9,15.1,clear sky
2,Vaini,TO,-21.2,-175.2,68.16,88,20,6.91,few clouds
3,Payo,ID,-3.7508,103.6372,73.72,96,100,1.97,moderate rain
4,Maarianhamina,AX,60.0973,19.9348,46.26,93,90,9.22,overcast clouds
5,Leningradskiy,RU,69.3833,178.4167,28.96,95,29,10.0,scattered clouds
6,Mecca,SA,21.4267,39.8261,87.24,43,1,2.44,clear sky
7,Punta Arenas,CL,-53.15,-70.9167,35.71,55,0,15.52,clear sky
8,Mampong,GH,7.0627,-1.4001,81.66,67,81,2.75,light rain
9,Saint-Philippe,RE,-21.3585,55.7679,72.99,80,55,6.29,broken clouds
10,Saint George,US,37.1041,-113.5841,88.54,13,1,1.01,clear sky
11,Albany,US,42.6001,-73.9662,74.17,50,4,1.01,clear sky
12,Rikitea,PF,-23.1203,-134.9692,71.87,58,90,7.92,overcast clouds
13,Barrow,US,71.2906,-156.7887,30.22,80,90,11.5,overcast clouds
14,Busselton,AU,-33.65,115.3333,58.08,80,1,10.09,clear sky
15,Khatanga,RU,71.9667,102.5,19.11,94,53,6.02,broken clouds
16,Labuhan,ID,-6.8844,112.2051,79.7,87,61,8.37,broken clouds
17,Kavieng,PG,-2.5744,150.7967,80.67,82,100,11.34,moderate rain
18,Mataura,NZ,-46.1927,168.8643,49.48,100,100,1.45,light rain
19,Hobart,AU,-42.8794,147.3294,44.46,80,40,1.99,scattered clouds
20,Ancud,CL,-41.8697,-73.8203,51.42,81,35,27.76,light rain
21,Gorin,RU,51.1983,136.6669,40.06,93,89,1.81,overcast clouds
22,Tasiilaq,GL,65.6145,-37.6368,42.96,87,100,11.65,overcast clouds
23,Cabedelo,BR,-6.9811,-34.8339,84.87,77,24,17.2,few clouds
24,Bredasdorp,ZA,-34.5322,20.0403,58.28,68,90,6.91,overcast clouds
25,Honiara,SB,-9.4333,159.95,76.17,89,100,4.21,light rain
26,Port Alfred,ZA,-33.5906,26.891,63.23,80,93,13.76,overcast clouds
27,Bonthe,SL,7.5264,-12.505,83.95,71,32,10.76,scattered clouds
28,Dikson,RU,73.5069,80.5464,18.7,97,34,6.4,scattered clouds
29,Victoria,HK,22.2855,114.1577,86.38,82,92,3.0,overcast clouds
30,Zyryanka,RU,65.75,150.85,50.99,47,19,10.09,few clouds
31,Shitanjing,CN,39.2342,106.3439,57.78,24,0,3.65,clear sky
32,Vilyuysk,RU,63.7553,121.6247,45.34,91,74,4.0,broken clouds
33,Cherskiy,RU,68.75,161.3,52.0,39,47,3.87,scattered clouds
34,Tanabe,JP,33.7333,135.3667,61.93,92,94,7.96,overcast clouds
35,Hilo,US,19.7297,-155.09,79.79,73,1,0.0,clear sky
36,Mangrol,IN,21.1167,70.1167,84.9,73,94,13.89,overcast clouds
37,Homer,US,59.6425,-151.5483,59.07,75,1,12.66,clear sky
38,Lebedinyy,RU,58.5167,125.5167,43.86,95,100,3.33,moderate rain
39,Lufilufi,WS,-13.8745,-171.5986,81.25,70,19,5.57,few clouds
40,Belmonte,BR,-15.8631,-38.8828,81.1,61,42,8.48,scattered clouds
41,Xuddur,SO,4.1213,43.8894,75.94,66,94,10.16,overcast clouds
42,Panaba,MX,21.2833,-88.2667,94.01,36,22,8.32,few clouds
43,East London,ZA,-33.0153,27.9116,65.34,72,0,11.5,clear sky
44,Norfolk,US,42.1668,-71.2495,82.63,48,75,1.01,broken clouds
45,Batagay-Alyta,RU,67.8006,130.4114,47.61,60,94,3.83,overcast clouds
46,Ratnagiri,IN,16.9833,73.3,83.55,73,99,5.82,overcast clouds
47,Meulaboh,ID,4.1363,96.1285,76.91,88,97,5.01,overcast clouds
48,Port Shepstone,ZA,-30.7414,30.455,70.34,59,99,7.7,overcast clouds
49,Bluff,NZ,-46.6,168.3333,49.8,87,100,4.36,light rain
50,Ushuaia,AR,-54.8,-68.3,31.66,86,75,28.77,light snow
51,Chokurdakh,RU,70.6333,147.9167,33.67,74,0,8.68,clear sky
52,Boqueirao,BR,-7.5,-36.1333,80.92,60,85,16.04,overcast clouds
53,Lakselv,NO,70.0513,24.9718,44.42,70,75,19.57,broken clouds
54,Ayan,RU,56.45,138.1667,35.65,83,67,0.69,broken clouds
55,Puerto Ayora,EC,-0.7393,-90.3518,82.36,89,60,8.01,broken clouds
56,Kilindoni,TZ,-7.9139,39.6668,79.29,69,1,18.14,clear sky
57,Wilmington,US,34.2257,-77.9447,94.91,50,1,6.91,clear sky
58,Breves,BR,-1.6822,-50.4803,92.17,43,55,3.11,broken clouds
59,Adrar,MR,20.5022,-10.0711,103.91,11,8,5.35,clear sky
60,Lixourion,GR,38.2019,20.4314,71.46,83,20,8.84,few clouds
61,Adiake,CI,5.2863,-3.304,83.79,77,90,9.57,overcast clouds
62,Yazman,PK,29.1212,71.7446,102.43,12,0,9.64,clear sky
63,Atuona,PF,-9.8,-139.0333,78.69,74,51,14.94,broken clouds
64,Kota Bahru,MY,6.1333,102.2386,74.7,94,100,5.97,overcast clouds
65,Avarua,CK,-21.2078,-159.775,80.65,89,75,12.66,light rain
66,Emerald,AU,-23.5333,148.1667,51.35,50,0,13.62,clear sky
67,Naze,JP,28.3667,129.4833,68.9,91,100,7.14,moderate rain
68,Marzuq,YE,14.4,46.4667,80.55,48,58,6.49,broken clouds
69,Aklavik,CA,68.2191,-135.0107,33.42,62,100,8.79,overcast clouds
70,Kodiak,US,57.79,-152.4072,47.71,76,1,5.75,clear sky
71,Galle,LK,6.0367,80.217,80.82,83,98,17.4,overcast clouds
72,Upernavik,GL,72.7868,-56.1549,36.54,95,26,4.16,scattered clouds
73,Cayenne,GF,4.9333,-52.3333,78.84,89,75,5.03,moderate rain
74,Okato,NZ,-39.2,173.8833,45.68,77,100,11.5,overcast clouds
75,Butaritari,KI,3.0707,172.7902,83.17,79,55,20.83,light rain
76,Yining,CN,29.0361,114.5636,70.38,90,100,3.74,light rain
77,Navoi,UZ,40.0844,65.3792,81.88,16,80,2.84,broken clouds
78,Tazovskiy,RU,67.4667,78.7,24.08,92,64,7.67,broken clouds
79,Thompson,CA,55.7435,-97.8558,55.18,19,44,7.2,scattered clouds
80,Ribeira Grande,PT,38.5167,-28.7,64.8,59,20,13.8,few clouds
81,Campoverde,PE,-8.4753,-74.8058,87.49,47,21,1.05,few clouds
82,Lebu,CL,-37.6167,-73.65,57.27,84,84,8.52,broken clouds
83,El Alto,PE,-4.2714,-81.2147,73.06,75,19,18.9,few clouds
84,Jaroslaw,PL,50.0162,22.6778,62.51,89,93,11.05,light rain
85,Mount Isa,AU,-20.7333,139.5,58.77,33,0,14.97,clear sky
86,Cabo San Lucas,MX,22.8909,-109.9124,99.52,25,40,4.61,scattered clouds
87,Garmsar,IR,35.2182,52.3409,83.48,26,0,1.05,clear sky
88,Nikolskoye,RU,59.7035,30.7861,54.39,98,100,3.53,heavy intensity rain
89,Valparaiso,CL,-33.0393,-71.6273,70.03,59,0,10.36,clear sky
90,Yellowknife,CA,62.456,-114.3525,55.33,53,50,1.99,scattered clouds
91,Djambala,CG,-2.5447,14.7533,77.52,62,100,0.56,overcast clouds
92,Cape Town,ZA,-33.9258,18.4232,61.88,73,20,3.0,few clouds
93,Cavaillon,FR,43.8312,5.0359,79.99,31,0,10.25,clear sky
94,Abu Samrah,SY,35.3029,37.1841,77.34,27,0,11.74,clear sky
95,Gornopravdinsk,RU,60.05,69.9,38.57,87,75,5.39,broken clouds
96,Saint-Pierre,RE,-21.3393,55.4781,73.04,86,90,4.61,overcast clouds
97,Cidreira,BR,-30.1811,-50.2056,69.75,49,1,8.41,clear sky
98,Qaanaaq,GL,77.484,-69.3632,36.88,82,49,4.21,scattered clouds
99,Matay,EG,28.419,30.7792,91.24,17,0,12.66,clear sky
100,Chuy,UY,-33.6971,-53.4616,67.26,54,3,9.66,clear sky
101,Saskylakh,RU,71.9167,114.0833,28.31,88,100,6.33,overcast clouds
102,Les Cayes,HT,18.2,-73.75,86.23,64,42,10.51,scattered clouds
103,Altus,US,34.6381,-99.334,90.16,58,90,14.97,overcast clouds
104,Te Anau,NZ,-45.4167,167.7167,41.47,96,100,1.48,overcast clouds
105,Jacmel,HT,18.2342,-72.5347,89.44,65,18,7.43,few clouds
106,Arona,ES,28.0996,-16.681,68.02,61,75,3.0,broken clouds
107,Grindavik,IS,63.8424,-22.4338,50.56,61,40,27.67,scattered clouds
108,Norman Wells,CA,65.282,-126.8329,39.24,93,90,8.05,overcast clouds
109,Tateyama,JP,34.9833,139.8667,63.1,85,100,18.52,overcast clouds
110,La Ronge,CA,55.1001,-105.2842,55.02,35,100,15.17,overcast clouds
111,Severo-Yeniseyskiy,RU,60.3725,93.0408,41.99,75,98,15.37,light rain
112,Nizhnevartovsk,RU,60.9344,76.5531,41.02,60,0,6.71,clear sky
113,Narsaq,GL,60.9167,-46.05,57.42,47,0,7.38,clear sky
114,Ulaanbaatar,MN,47.9077,106.8832,42.93,75,75,4.92,broken clouds
115,Pressbaum,AT,48.176,16.0477,54.72,74,75,7.0,broken clouds
116,Lagoa,PT,39.05,-27.9833,59.04,63,12,9.46,few clouds
117,Manaus,BR,-3.1019,-60.025,90.1,70,40,3.44,scattered clouds
118,Tilichiki,RU,60.4667,166.1,32.81,95,100,5.41,overcast clouds
119,New Norfolk,AU,-42.7826,147.0587,44.1,76,76,4.32,broken clouds
120,Sorong,ID,-0.8833,131.25,78.1,89,100,8.61,overcast clouds
121,Iqaluit,CA,63.7506,-68.5145,32.7,64,94,8.99,overcast clouds
122,Arraial Do Cabo,BR,-22.9661,-42.0278,76.86,83,40,6.91,scattered clouds
123,Manggar,ID,-2.8833,108.2667,82.47,81,48,9.28,scattered clouds
124,Kargasok,RU,59.0556,80.8572,36.59,86,100,23.33,overcast clouds
125,Pisco,PE,-13.7,-76.2167,64.45,94,90,5.75,overcast clouds
126,Noyabrsk,RU,63.1994,75.4507,38.5,46,83,12.28,broken clouds
127,Beira,MZ,-19.8436,34.8389,69.89,73,20,6.58,few clouds
128,Nalut,LY,30.3333,10.85,96.31,10,96,7.47,overcast clouds
129,Ponta Do Sol,PT,32.6667,-17.1,73.0,69,57,2.55,broken clouds
130,Mehamn,NO,71.0357,27.8492,40.91,86,99,24.09,overcast clouds
131,Livingston,GB,55.9029,-3.5226,62.29,78,75,5.28,broken clouds
132,Davila,PH,18.4726,120.5763,80.58,73,83,5.59,broken clouds
133,Benicarlo,ES,40.4165,0.4271,72.25,67,73,9.89,broken clouds
134,Kieta,PG,-6.2167,155.6333,77.02,92,100,5.1,overcast clouds
135,Manthani,IN,18.65,79.6667,93.25,33,100,15.05,overcast clouds
136,Fairbanks,US,64.8378,-147.7164,57.16,55,90,4.61,overcast clouds
137,Erenhot,CN,43.6475,111.9767,49.77,46,1,9.64,clear sky
138,Yar-Sale,RU,66.8333,70.8333,38.05,55,99,4.0,overcast clouds
139,Nouadhibou,MR,20.931,-17.0347,65.98,82,9,23.8,clear sky
140,Sorland,NO,67.667,12.6934,44.46,79,39,13.71,scattered clouds
141,Evensk,RU,61.95,159.2333,37.54,87,99,10.4,overcast clouds
142,Alice Springs,AU,-23.7,133.8833,35.15,75,37,7.72,scattered clouds
143,Saint-Francois,FR,46.4154,3.9054,65.64,60,0,11.5,clear sky
144,Airai,TL,-8.9266,125.4092,55.04,88,50,4.59,scattered clouds
145,Ribas Do Rio Pardo,BR,-20.4431,-53.7592,91.33,32,37,4.41,scattered clouds
146,Egvekinot,RU,66.3167,-179.1667,31.41,66,100,8.93,overcast clouds
147,Alta Floresta,BR,-9.8756,-56.0861,87.75,47,1,3.98,clear sky
148,Berlevag,NO,70.8578,29.0864,40.95,75,75,25.32,light rain
149,Sitka,US,57.0531,-135.33,48.09,66,90,6.91,overcast clouds
150,Baykit,RU,61.67,96.37,43.99,48,100,9.86,overcast clouds
151,San Fernando,PH,15.0286,120.6898,86.14,75,82,2.15,broken clouds
152,Poronaysk,RU,49.2167,143.1167,37.83,92,37,1.83,scattered clouds
153,Havre-Saint-Pierre,CA,50.2334,-63.5986,46.99,54,42,31.99,scattered clouds
154,Kapit,MY,2.0167,112.9333,74.91,99,39,0.65,scattered clouds
155,Pevek,RU,69.7008,170.3133,37.45,68,72,1.59,broken clouds
156,Tarko-Sale,RU,64.9225,77.785,35.01,58,100,17.47,overcast clouds
157,Ponta Delgada,PT,37.7333,-25.6667,61.52,77,40,13.8,scattered clouds
158,Olden,NO,61.8364,6.8064,63.34,43,53,6.33,broken clouds
159,Kirksville,US,40.1948,-92.5833,70.05,82,20,3.0,few clouds
160,Hermanus,ZA,-34.4187,19.2345,59.9,68,83,11.77,broken clouds
161,Port Lincoln,AU,-34.7333,135.8667,58.96,68,98,3.47,overcast clouds
162,Atasu,KZ,48.6814,71.6433,66.24,41,52,19.46,broken clouds
163,Hithadhoo,MV,-0.6,73.0833,83.66,74,87,17.27,heavy intensity rain
164,Bathsheba,BB,13.2167,-59.5167,86.61,54,75,16.96,broken clouds
165,Khasan,RU,42.4308,130.6434,48.0,94,63,2.86,broken clouds
166,Kudat,MY,6.8837,116.8477,79.75,84,96,7.94,overcast clouds
167,Prince Rupert,CA,54.3161,-130.3201,51.49,93,100,5.93,overcast clouds
168,Fortuna,US,40.5982,-124.1573,69.19,60,90,5.01,overcast clouds
169,Ismailia,EG,30.6043,32.2723,75.69,52,0,11.07,clear sky
170,Poum,NC,-20.2333,164.0167,71.58,70,86,4.18,overcast clouds
171,Kenai,US,60.5544,-151.2583,60.03,71,1,18.41,clear sky
172,Karachi,PK,24.9056,67.0822,87.62,74,40,11.5,scattered clouds
173,Vila Franca Do Campo,PT,37.7167,-25.4333,61.21,68,58,7.58,broken clouds
174,Menongue,AO,-14.6585,17.691,60.3,37,0,5.06,clear sky
175,Bengkulu,ID,-3.8004,102.2655,77.63,89,100,5.37,overcast clouds
176,Pimentel,PE,-6.8367,-79.9342,70.09,83,90,4.0,overcast clouds
177,Oranjestad,AW,12.524,-70.027,87.75,66,40,21.85,scattered clouds
178,Camocim,BR,-2.9022,-40.8411,87.94,54,16,8.99,few clouds
179,Axim,GH,4.8699,-2.2405,82.4,76,77,9.91,broken clouds
180,Peterhead,GB,57.5058,-1.7981,58.44,85,23,11.05,few clouds
181,Jamestown,US,42.097,-79.2353,68.29,48,1,4.0,clear sky
182,Saint Anthony,US,45.0205,-93.218,47.35,92,90,5.01,moderate rain
183,Tiarei,PF,-17.5333,-149.3333,80.62,72,8,6.2,clear sky
184,Katsuura,JP,35.1333,140.3,63.19,88,100,14.27,overcast clouds
185,Villa Del Rosario,CO,7.8339,-72.4742,82.78,58,75,5.84,broken clouds
186,Torbay,CA,47.6666,-52.7314,57.67,86,97,24.0,overcast clouds
187,Acapulco,MX,16.8634,-99.8901,89.42,55,75,8.01,broken clouds
188,Along,IN,28.1667,94.7667,72.09,98,93,1.45,overcast clouds
189,Linxia,CN,35.6003,103.2064,58.77,30,100,4.36,overcast clouds
190,Bethel,US,41.3712,-73.414,81.01,47,1,1.99,clear sky
191,Keflavik,IS,64.0049,-22.5624,51.53,61,40,26.46,scattered clouds
192,Iralaya,HN,15.0,-83.2333,87.89,69,100,12.93,overcast clouds
193,Georgetown,MY,5.4112,100.3354,80.89,85,20,1.01,few clouds
194,Bandarbeyla,SO,9.4942,50.8122,79.48,83,75,26.02,broken clouds
195,Tiksi,RU,71.6872,128.8694,33.85,96,100,5.5,overcast clouds
196,Broome,US,42.2506,-75.833,68.0,61,75,4.0,broken clouds
197,Namibe,AO,-15.1961,12.1522,73.6,75,0,4.21,clear sky
198,Mar Del Plata,AR,-38.0023,-57.5575,71.62,43,0,20.71,clear sky
199,Banjarmasin,ID,-3.3244,114.591,80.74,94,24,1.7,few clouds
200,Tuktoyaktuk,CA,69.4541,-133.0374,30.99,71,100,8.97,overcast clouds
201,Provideniya,RU,64.3833,-173.3,42.31,52,95,7.81,overcast clouds
202,Sherbrooke,CA,45.4001,-71.8991,58.6,38,10,12.66,clear sky
203,Mayumba,GA,-3.432,10.6554,77.36,88,95,5.46,overcast clouds
204,Dakar,SN,14.6937,-17.4441,77.88,82,3,16.13,clear sky
205,Terrell,US,32.736,-96.2753,86.56,69,40,12.66,scattered clouds
206,Starozhilovo,RU,54.2254,39.916,67.03,49,57,1.99,broken clouds
207,Ugoofaaru,MV,5.6667,73.0,82.9,78,98,21.7,overcast clouds
208,Port Macquarie,AU,-31.4333,152.9167,46.36,70,0,11.18,clear sky
209,Shingu,JP,33.7333,135.9833,61.92,88,100,5.99,overcast clouds
210,Tromso,NO,69.6496,18.957,45.25,81,75,1.01,broken clouds
211,Senador Jose Porfirio,BR,-2.5908,-51.9542,89.26,47,22,2.19,few clouds
212,Kitale,KE,1.0157,35.0062,59.16,87,97,3.42,overcast clouds
213,Rancho Palos Verdes,US,33.7445,-118.387,76.14,70,20,3.0,few clouds
214,Kijang,KR,35.2442,129.2139,56.93,58,0,6.91,clear sky
215,Carnarvon,AU,-24.8667,113.6333,68.07,68,40,5.75,light rain
216,Souillac,MU,-20.5167,57.5167,73.36,100,20,7.92,light rain
217,Belle Fourche,US,44.6714,-103.8522,48.85,96,100,4.12,overcast clouds
218,Ixtapa,MX,20.7,-105.2,81.63,69,1,10.36,clear sky
219,Marau,BR,-28.4492,-52.2,71.92,45,0,4.61,clear sky
220,Calafell,ES,41.2,1.5683,76.77,83,49,1.99,scattered clouds
221,Katiola,CI,8.1333,-5.1,84.72,58,47,3.71,scattered clouds
222,Berdigestyakh,RU,62.0989,126.6992,42.15,93,14,4.23,few clouds
223,Jalu,LY,29.0331,21.5482,90.64,13,8,10.4,clear sky
224,Itarema,BR,-2.9248,-39.9167,85.98,60,25,14.16,scattered clouds
225,Hambantota,LK,6.1241,81.1185,80.92,80,100,23.0,overcast clouds
226,Tuatapere,NZ,-46.1333,167.6833,49.82,93,100,2.77,overcast clouds
227,Alappuzha,IN,9.49,76.3264,80.53,81,19,9.75,few clouds
228,Saldanha,ZA,-33.0117,17.9442,58.51,85,62,8.61,broken clouds
229,Oistins,BB,13.0667,-59.5333,86.09,54,75,21.85,broken clouds
230,Noumea,NC,-22.2763,166.4572,69.01,99,70,3.04,broken clouds
231,Mayo,US,38.8876,-76.5119,86.34,57,1,1.99,clear sky
232,Magway,MM,20.15,94.9167,86.0,56,33,6.29,scattered clouds
233,Sept-Iles,CA,50.2001,-66.3821,48.06,45,38,15.01,scattered clouds
234,Ternate,ID,0.8,127.4,81.34,80,40,4.23,scattered clouds
235,Lao Cai,VN,22.4833,103.95,78.03,98,99,0.63,overcast clouds
236,Chandvad,IN,20.3333,74.25,75.43,73,30,15.7,scattered clouds
237,Progreso,MX,21.2833,-89.6667,94.1,62,22,13.38,few clouds
238,Bambanglipuro,ID,-7.95,110.2833,76.77,91,33,5.41,scattered clouds
239,Taunggyi,MM,20.7833,97.0333,68.49,56,56,2.46,broken clouds
240,Lasa,IT,46.6166,10.7002,58.91,89,85,7.45,overcast clouds
241,Bongouanou,CI,6.6486,-4.1992,79.41,83,84,4.83,light rain
242,Rawson,AR,-43.3002,-65.1023,61.39,39,80,25.99,broken clouds
243,Portland,US,45.5234,-122.6762,60.13,86,75,11.01,broken clouds
244,Kapaa,US,22.0752,-159.319,80.58,82,40,3.0,light rain
245,Gisors,FR,49.2818,1.7801,68.02,77,66,4.27,broken clouds
246,Zamoly,HU,47.3167,18.4081,64.38,79,100,15.82,overcast clouds
247,Kaitangata,NZ,-46.2817,169.8464,43.09,92,100,3.94,overcast clouds
248,Vilhena,BR,-12.7406,-60.1458,88.75,35,35,0.92,scattered clouds
249,Moerai,PF,-22.4333,-151.3333,77.52,82,61,10.89,broken clouds
250,Clyde River,CA,70.4692,-68.5914,30.38,90,99,16.91,light snow
251,Yola,NG,9.2,12.4833,92.23,30,10,3.4,clear sky
252,Tamandare,BR,-8.7597,-35.1047,80.38,72,41,12.95,scattered clouds
253,Tuy Hoa,VN,13.0833,109.3,78.24,91,38,4.74,scattered clouds
254,Coihaique,CL,-45.5752,-72.0662,47.01,87,90,3.44,light rain
255,Thunder Bay,CA,48.4001,-89.3168,41.56,37,63,8.52,broken clouds
256,Takoradi,GH,4.8845,-1.7554,82.27,77,77,11.92,broken clouds
257,Waipawa,NZ,-41.4122,175.5153,49.03,89,55,5.91,broken clouds
258,Pokrovsk,UA,48.282,37.1758,63.36,69,39,7.99,scattered clouds
259,Sistranda,NO,63.7256,8.834,57.16,89,24,19.77,few clouds
260,Chapais,CA,49.7834,-74.8492,35.38,42,100,15.43,overcast clouds
261,Bekovo,RU,52.4663,43.712,60.98,69,46,4.47,scattered clouds
262,Deputatskiy,RU,69.3,139.9,44.83,67,55,5.35,broken clouds
263,Igrim,RU,63.1906,64.4162,43.54,42,98,1.79,overcast clouds
264,Beihai,CN,21.4833,109.1,83.91,81,68,9.89,broken clouds
265,Matara,LK,5.9485,80.5353,79.27,87,100,15.05,overcast clouds
266,Tecpan,GT,14.7623,-90.9947,72.36,51,69,6.24,broken clouds
267,Ambilobe,MG,-13.2,49.05,71.29,87,50,3.44,scattered clouds
268,Abnub,EG,27.2696,31.1511,91.96,12,0,11.18,clear sky
269,Biak,ID,-0.9131,122.8766,76.39,85,31,6.93,scattered clouds
270,Jiguani,CU,20.3667,-76.4272,87.58,57,46,8.32,scattered clouds
271,Sturgis,US,41.7992,-85.4192,71.31,32,1,8.05,clear sky
272,Sibu,MY,2.3,111.8167,74.73,97,31,2.15,scattered clouds
273,Eureka,US,40.8021,-124.1637,66.63,64,99,4.74,overcast clouds
274,Opuwo,NA,-18.0607,13.84,66.49,31,0,8.81,clear sky
275,Sioux Lookout,CA,50.1001,-91.917,46.78,33,40,5.75,scattered clouds
276,Bluefields,NI,12.0137,-83.7635,83.37,74,100,12.91,overcast clouds
277,Makakilo City,US,21.3469,-158.0858,77.61,69,1,6.91,clear sky
278,Tandil,AR,-37.3217,-59.1332,67.3,47,66,5.01,broken clouds
279,Padang,ID,-0.9492,100.3543,77.5,89,99,4.43,light rain
280,Arvi,IN,20.9833,78.2333,91.06,37,100,15.08,overcast clouds
281,Lorengau,PG,-2.0226,147.2712,78.46,84,100,6.35,overcast clouds
282,Corn Island,NI,12.1694,-83.0418,82.31,77,100,18.19,overcast clouds
283,Cloquet,US,46.7216,-92.4594,44.58,69,1,10.36,clear sky
284,Mayahi,NE,13.9553,7.6712,93.99,6,1,6.76,clear sky
285,Ngama,TD,11.7833,17.1667,92.01,30,33,11.27,scattered clouds
286,Southbridge,US,42.0751,-72.0334,80.98,50,25,1.01,scattered clouds
287,Port Elizabeth,ZA,-33.918,25.5701,62.89,77,0,13.8,clear sky
288,Longyearbyen,SJ,78.2186,15.6401,31.84,64,40,10.36,scattered clouds
289,Taoudenni,ML,22.6783,-3.9836,108.23,11,70,5.39,broken clouds
290,Shakawe,BW,-18.3667,21.85,61.95,29,0,5.06,clear sky
291,Geraldton,AU,-28.7667,114.6,63.01,55,40,7.09,scattered clouds
292,Makat,KZ,47.6469,53.3463,85.3,28,94,18.19,overcast clouds
293,Ituiutaba,BR,-18.9689,-49.465,91.08,27,14,4.81,few clouds
294,Tatawin,TN,32.9297,10.4518,82.54,35,77,12.75,broken clouds
295,Inuvik,CA,68.3499,-133.7218,30.96,59,90,8.41,overcast clouds
296,Sualkuchi,IN,26.17,91.5709,76.98,83,75,0.0,broken clouds
297,Saint-Louis,SN,16.3333,-15.0,105.93,10,14,9.78,few clouds
298,Nizwa,OM,22.9333,57.5333,90.75,15,0,7.18,clear sky
299,Khanpur,PK,28.6453,70.6567,102.09,12,0,10.94,clear sky
300,Cakovec,HR,46.3844,16.4339,60.3,76,100,10.0,heavy intensity rain
301,Mpika,ZM,-11.8343,31.4529,52.83,64,0,3.98,clear sky
302,Liwale,TZ,-9.7667,37.9333,68.23,62,36,4.61,scattered clouds
303,Catio,GW,11.2833,-15.25,84.13,58,20,11.45,light rain
304,Maceio,BR,-9.6658,-35.7353,83.64,69,40,10.67,scattered clouds
305,Santa Cruz,BO,-17.8,-63.1667,86.05,51,75,17.27,broken clouds
306,Zabrze,PL,50.3249,18.7858,61.09,60,100,1.01,overcast clouds
307,Harper,LR,4.375,-7.7169,82.18,76,71,7.4,broken clouds
308,Xining,CN,36.6167,101.7667,57.13,45,100,2.37,overcast clouds
309,Leme,BR,-22.1856,-47.3903,76.64,41,100,3.4,overcast clouds
310,Talnakh,RU,69.4865,88.3972,13.51,91,7,2.62,clear sky
311,Taltal,CL,-25.4,-70.4833,67.35,68,61,3.8,broken clouds
312,Shemonaikha,KZ,50.6328,81.9056,62.37,71,96,12.06,overcast clouds
313,Revelstoke,CA,50.9832,-118.2023,65.28,46,99,5.48,overcast clouds
314,Mizdah,LY,31.4451,12.9801,90.12,14,47,14.63,scattered clouds
315,Lavrentiya,RU,65.5833,-171.0,31.73,90,35,9.42,scattered clouds
316,Beloha,MG,-25.1667,45.05,65.41,80,2,6.08,clear sky
317,Isangel,VU,-19.55,169.2667,68.59,68,66,4.65,broken clouds
318,Yaring,TH,6.8662,101.3689,78.13,82,100,8.01,overcast clouds
319,Sakakah,SA,29.9697,40.2064,90.91,8,0,8.23,clear sky
320,Ocos,GT,14.5094,-92.1933,93.72,70,98,7.2,overcast clouds
321,Namatanai,PG,-3.6667,152.4333,78.67,84,100,9.35,light rain
322,Lompoc,US,34.6391,-120.4579,74.01,72,75,6.91,broken clouds
323,Elko,US,41.0002,-115.5012,67.64,22,8,8.99,clear sky
324,De-Kastri,RU,51.4667,140.7833,40.39,89,100,3.94,overcast clouds
325,Yelabuga,RU,55.7613,52.0649,58.55,69,0,2.15,clear sky
326,Khorramabad,IR,33.4878,48.3558,72.64,23,0,1.01,clear sky
327,Eganville,CA,45.5334,-77.0994,57.34,28,42,10.13,scattered clouds
328,Vao,NC,-22.6667,167.4833,70.92,71,69,11.41,broken clouds
329,Cap Malheureux,MU,-19.9842,57.6142,73.47,77,5,1.99,clear sky
330,Kokkola,FI,63.8385,23.1307,48.36,76,75,7.47,broken clouds
331,Asau,RO,46.4333,26.4,65.75,88,100,1.19,overcast clouds
332,Kondinskoye,RU,59.6481,67.41,38.05,82,42,2.26,scattered clouds
333,Devgarh,IN,25.5333,73.9,89.44,38,19,14.36,few clouds
334,Sao Filipe,CV,14.8961,-24.4956,74.59,75,1,15.99,clear sky
335,Alofi,NU,-19.0595,-169.9187,77.94,77,35,5.99,scattered clouds
336,Gujranwala,PK,32.1617,74.1883,86.05,12,0,7.47,clear sky
337,Ukiah,US,39.1502,-123.2078,82.04,38,1,11.5,clear sky
338,Tautira,PF,-17.7333,-149.15,80.62,73,4,6.8,clear sky
339,Marawi,PH,7.9986,124.2928,71.65,92,88,2.26,overcast clouds
340,Sinjar,IQ,36.3209,41.8754,86.65,14,0,2.21,clear sky
341,Port Hedland,AU,-20.3167,118.5667,75.25,53,100,4.61,overcast clouds
342,Suntar,RU,62.1444,117.6319,51.48,80,90,3.94,overcast clouds
343,Yuci,CN,37.6803,112.7319,64.15,13,0,7.61,clear sky
344,Castro,BR,-24.7911,-50.0119,73.29,54,57,7.38,broken clouds
345,Nanortalik,GL,60.1432,-45.2371,44.26,68,8,8.59,clear sky
346,Lar,IN,26.2039,83.9717,75.74,88,100,24.56,moderate rain
347,Kolpashevo,RU,58.3131,82.9089,37.38,95,100,20.47,overcast clouds
348,Mahebourg,MU,-20.4081,57.7,73.26,100,20,4.61,light rain
349,Atar,MR,20.5169,-13.0499,103.44,11,18,11.1,few clouds
350,Laguna,US,38.421,-121.4238,81.25,48,1,4.0,clear sky
351,Tabas,IR,33.5959,56.9244,86.4,20,13,9.31,few clouds
352,Odessa,UA,46.4775,30.7326,66.13,59,0,0.0,clear sky
353,Bulgan,MN,48.8125,103.5347,50.56,52,49,4.21,scattered clouds
354,Saint-Augustin,CA,51.226,-58.6502,47.79,91,100,5.41,overcast clouds
355,Luena,AO,-11.7833,19.9167,59.02,44,0,3.96,clear sky
356,La Libertad,EC,-2.2333,-80.9,74.86,83,90,11.36,overcast clouds
357,Manta,EC,-0.95,-80.7333,83.98,65,40,8.05,scattered clouds
358,Marsh Harbour,BS,26.5412,-77.0636,77.74,70,58,6.44,broken clouds
359,Aljezur,PT,37.3191,-8.8033,66.36,62,98,6.06,overcast clouds
360,Oxelosund,SE,58.6706,17.1015,47.52,87,75,12.77,broken clouds
361,Santiago Del Estero,AR,-27.7951,-64.2615,78.96,38,54,12.5,broken clouds
362,San Patricio,US,28.017,-97.5169,90.01,65,41,16.78,scattered clouds
363,Caaguazu,PY,-25.45,-56.0167,80.82,41,100,4.72,overcast clouds
364,Port Augusta,AU,-32.5,137.7667,44.74,81,90,3.94,overcast clouds
365,Chicama,PE,-7.8447,-79.1469,64.94,69,51,9.53,broken clouds
366,Hervey Bay,AU,-25.2986,152.8535,55.04,61,0,4.0,clear sky
367,Hamilton,US,39.1834,-84.5333,81.73,68,40,1.01,scattered clouds
368,Hobyo,SO,5.3505,48.5268,79.65,80,82,18.81,broken clouds
369,Paamiut,GL,61.994,-49.6678,38.16,84,24,7.27,few clouds
370,Morondava,MG,-20.2833,44.2833,73.71,69,0,10.0,clear sky
371,Barranca,PE,-10.75,-77.7667,70.59,76,75,9.19,broken clouds
372,Birobidzhan,RU,48.8,132.95,48.76,79,67,2.48,broken clouds
373,Altay,CN,47.8667,88.1167,69.26,28,10,4.63,clear sky
374,Dalvik,IS,65.9702,-18.5286,62.53,41,17,4.83,few clouds
375,Yulara,AU,-25.2406,130.9889,42.64,70,99,6.91,overcast clouds
376,Ericeira,PT,38.9627,-9.4156,76.19,84,100,15.41,overcast clouds
377,Masaka,UG,-0.3338,31.7341,64.56,86,59,3.98,broken clouds
378,Porto Velho,BR,-8.7619,-63.9039,89.65,45,40,4.61,light rain
379,Montepuez,MZ,-13.1256,38.9997,65.32,54,8,3.8,clear sky
380,Sola,VU,-13.8833,167.55,76.48,70,100,11.36,overcast clouds
381,Ahipara,NZ,-35.1667,173.1667,53.53,94,82,6.85,broken clouds
382,Lucea,JM,18.451,-78.1736,85.86,76,6,17.31,clear sky
383,Gemena,CD,3.25,19.7667,70.72,98,93,2.77,light rain
384,Chara,RU,56.9064,118.2631,36.32,84,50,2.1,scattered clouds
385,Hasaki,JP,35.7333,140.8333,59.4,86,100,2.75,overcast clouds
386,Belaya Gora,RU,68.5333,146.4167,51.67,58,37,5.88,scattered clouds
387,Jaltocan,MX,21.15,-98.5333,92.73,44,73,6.15,broken clouds
388,Portsmouth,GB,50.799,-1.0913,66.49,73,44,1.99,scattered clouds
389,Olafsvik,IS,64.8945,-23.7142,46.8,80,21,7.18,few clouds
390,Bilibino,RU,68.0546,166.4372,39.09,62,97,7.61,overcast clouds
391,Tongren,CN,27.7172,109.1853,69.42,87,98,1.57,light rain
392,Shestakovo,RU,56.4915,103.96,31.48,91,46,3.06,scattered clouds
393,Katherine,AU,-14.4667,132.2667,64.72,55,88,6.35,overcast clouds
394,Codrington,AU,-38.2667,141.9667,51.78,73,100,13.31,overcast clouds
395,Luoyang,CN,34.6836,112.4536,75.47,24,88,3.69,light rain
396,Sur,OM,22.5667,59.5289,88.3,63,2,3.58,clear sky
397,Ullapool,GB,57.8987,-5.1604,62.35,65,82,1.77,broken clouds
398,The Hammocks,US,25.6715,-80.4445,88.02,60,1,11.5,clear sky
399,Suhbaatar,MN,50.2314,106.2078,46.99,45,25,5.41,scattered clouds
400,Arlit,NE,18.7369,7.3853,100.29,6,5,13.24,clear sky
401,Kloulklubed,PW,7.0419,134.2556,83.19,80,55,11.32,broken clouds
402,Klaksvik,FO,62.2266,-6.589,49.12,80,79,15.75,broken clouds
403,Garowe,SO,8.4054,48.4845,82.85,47,100,15.08,overcast clouds
404,Kindu,CD,-2.95,25.95,74.05,76,78,1.12,broken clouds
405,Nyurba,RU,63.2842,118.3319,50.38,80,98,4.5,overcast clouds
406,Harnosand,SE,62.6323,17.9379,48.22,76,57,10.25,broken clouds
407,Punalur,IN,9.0,76.9333,78.48,94,45,2.55,scattered clouds
408,Vila Velha,BR,-20.3297,-40.2925,80.96,82,20,10.0,few clouds
409,Talakan,RU,50.3167,130.3667,44.49,93,50,3.18,scattered clouds
410,Vardo,NO,70.3705,31.1107,43.0,75,75,17.27,broken clouds
411,Shelburne,CA,44.0787,-80.2041,61.56,56,60,9.69,broken clouds
412,Manaure,CO,11.7751,-72.4445,89.82,54,90,15.95,overcast clouds
413,Fort Nelson,CA,58.8053,-122.7002,56.79,51,75,5.75,broken clouds
414,Ouadda,CF,8.0777,22.4007,67.59,93,96,2.42,overcast clouds
415,Kalemie,CD,-5.9475,29.1947,71.38,77,9,1.74,clear sky
416,Avera,US,33.194,-82.5271,93.7,34,4,9.57,clear sky
417,Jijiga,ET,9.35,42.8,63.16,82,94,7.49,overcast clouds
418,Deqing,CN,30.5448,119.9599,73.94,89,100,3.91,light rain
419,Dingle,PH,10.9995,122.6711,78.96,85,62,3.8,light rain
420,Tessalit,ML,20.1986,1.0114,103.32,3,19,13.82,few clouds
421,Paita,PE,-5.0892,-81.1144,75.76,76,24,14.56,few clouds
422,Zherdevka,RU,51.8486,41.4606,64.98,61,98,6.33,overcast clouds
423,Odweyne,SO,9.4092,45.064,74.61,62,100,14.25,light rain
424,Guarapari,BR,-20.6667,-40.4975,80.91,77,82,6.46,broken clouds
425,Los Llanos De Aridane,ES,28.6585,-17.9182,65.95,85,75,11.45,broken clouds
426,Komsomolskiy,UZ,40.4272,71.7189,75.58,39,27,3.89,scattered clouds
427,Vangaindrano,MG,-23.35,47.6,66.99,85,0,3.94,clear sky
428,Brewster,US,41.3973,-73.6171,81.27,42,1,1.01,clear sky
429,Talas,TR,38.6908,35.5538,68.67,30,75,1.77,broken clouds
430,Dwarka,IN,22.2394,68.9678,83.77,85,83,15.5,broken clouds
431,Srivardhan,IN,18.0333,73.0167,84.92,70,100,8.63,overcast clouds
432,Lloydminster,CA,53.2835,-110.0016,59.97,53,74,23.58,broken clouds
433,Porto Belo,BR,-27.1578,-48.5531,80.64,56,0,5.1,clear sky
434,Anahuac,MX,27.2333,-100.15,89.1,41,0,19.57,clear sky
435,Constitucion,CL,-35.3333,-72.4167,59.56,86,100,4.52,overcast clouds
436,Shubarkuduk,KZ,49.1447,56.4872,74.75,42,38,15.88,scattered clouds
437,Sokolo,ML,14.7328,-6.1219,104.38,15,85,13.53,overcast clouds
438,Ulaangom,MN,49.9811,92.0667,64.67,40,16,3.47,few clouds
439,Mareeba,AU,-17.0,145.4333,61.52,93,32,1.12,scattered clouds
440,Aba,NG,5.1066,7.3667,79.29,83,60,4.9,broken clouds
441,Vyyezdnoye,RU,55.3815,43.7864,62.08,79,84,7.11,broken clouds
442,Digha,IN,21.6833,87.55,85.53,81,100,18.5,overcast clouds
443,Korla,CN,41.7597,86.1469,78.37,14,48,7.87,scattered clouds
444,Severo-Kurilsk,RU,50.6789,156.125,38.88,90,87,7.23,overcast clouds
445,Flinders,AU,-34.5833,150.8552,54.21,75,1,9.08,clear sky
446,Hirara,JP,24.8,125.2833,82.74,83,79,10.04,broken clouds
447,Huangchuan,CN,32.1272,115.0394,72.41,73,99,17.47,light rain
448,Faanui,PF,-16.4833,-151.75,80.38,69,6,9.6,clear sky
449,Urumqi,CN,43.801,87.6005,79.75,20,0,5.14,clear sky
450,Mitsamiouli,KM,-11.3847,43.2844,77.99,61,1,8.52,clear sky
451,Rio Grande,BR,-32.035,-52.0986,75.31,54,2,6.46,clear sky
452,Bharatpur,IN,27.2167,77.4833,94.39,13,98,6.64,overcast clouds
453,Camacha,PT,33.0833,-16.3333,69.53,64,40,13.8,scattered clouds
454,Mirnyy,RU,62.5353,113.9611,44.73,94,42,4.03,scattered clouds
455,Maniitsoq,GL,65.4167,-52.9,35.96,87,61,2.51,broken clouds
456,Bageshwar,IN,29.85,79.7667,71.2,60,35,2.93,scattered clouds
457,Ulvik,NO,60.5672,6.9187,66.69,63,40,4.25,scattered clouds
458,Meadow Lake,US,34.8014,-106.5436,81.97,11,20,6.71,few clouds
459,Pendleton,US,45.6721,-118.7886,75.6,40,1,3.0,clear sky
460,Goroka,PG,-6.0834,145.3873,62.56,99,100,1.7,overcast clouds
461,Gat,IL,31.61,34.7642,80.4,51,0,4.61,clear sky
462,Brae,GB,60.3964,-1.353,48.11,78,12,11.59,few clouds
463,Middlebury,US,44.0153,-73.1673,67.66,54,36,8.88,scattered clouds
464,Khani,GE,41.9563,42.9566,58.57,88,6,3.56,clear sky
465,Luau,AO,-10.7073,22.2247,64.36,42,15,4.79,few clouds
466,Pacific Grove,US,36.6177,-121.9166,73.17,79,40,8.01,scattered clouds
467,Verkhnyaya Inta,RU,65.9811,60.3094,39.97,49,86,5.44,overcast clouds
468,Razdolnoye,RU,43.55,131.9167,50.41,98,63,2.98,broken clouds
469,Samus,RU,56.7475,84.6992,49.3,95,90,13.35,light rain
470,Puerto Varas,CL,-41.3195,-72.9854,55.62,76,75,11.23,broken clouds
471,Sibiti,CG,-3.6819,13.3499,74.26,79,84,0.89,broken clouds
472,Pampa,US,35.5362,-100.9599,83.57,54,40,10.36,scattered clouds
473,Vostok,RU,46.4856,135.8833,43.95,83,100,2.86,overcast clouds
474,Bintulu,MY,3.1667,113.0333,78.3,89,67,3.53,broken clouds
475,Pyapon,MM,16.2833,95.6833,82.31,82,50,4.68,scattered clouds
476,Dicabisagan,PH,17.0818,122.4157,79.86,85,61,4.63,broken clouds
477,Varhaug,NO,58.6147,5.6457,55.85,87,49,9.57,scattered clouds
478,Vanavara,RU,60.34,102.2797,38.26,58,41,3.02,scattered clouds
479,Boffa,GN,10.1667,-14.0333,83.62,68,24,11.1,few clouds
480,Sherbakul,RU,54.6316,72.3963,53.28,61,84,8.46,broken clouds
481,Flagstaff,US,35.1981,-111.6513,74.59,14,1,5.01,clear sky
482,Yabrud,SY,33.9674,36.6574,67.66,30,0,3.58,clear sky
483,Kuusamo,FI,65.9667,29.1833,46.44,49,0,10.36,clear sky
484,Bilma,NE,18.6853,12.9164,93.52,5,0,4.21,clear sky
485,Chumikan,RU,54.7183,135.315,29.43,92,50,1.32,scattered clouds
486,Mezen,RU,65.8522,44.24,44.37,65,97,9.57,overcast clouds
487,Lae,PG,-6.7221,146.9847,75.24,95,100,1.34,overcast clouds
488,Loandjili,CG,-4.7561,11.8578,78.28,83,87,7.94,overcast clouds
489,Yeppoon,AU,-23.1333,150.7333,55.18,46,0,6.29,clear sky
490,Vista Hermosa,MX,19.5167,-99.2167,80.51,36,75,6.26,broken clouds
491,Piney Green,US,34.716,-77.3202,96.03,57,40,2.01,scattered clouds
492,Salinopolis,BR,-0.6136,-47.3561,84.67,67,73,9.37,broken clouds
493,San Jose,US,37.3394,-121.895,73.45,49,20,4.0,few clouds
494,Houma,US,29.5958,-90.7195,89.01,60,40,6.91,scattered clouds
495,Odoyev,RU,53.9393,36.6864,60.13,93,86,6.51,overcast clouds
496,Half Moon Bay,US,37.4636,-122.4286,73.51,63,90,9.22,overcast clouds
497,Pierre,US,44.3683,-100.351,47.32,93,90,13.8,overcast clouds
498,San Luis,AR,-33.295,-66.3356,72.03,27,0,17.52,clear sky
499,Kuytun,RU,54.3419,101.5036,45.0,52,100,5.68,overcast clouds
500,Srednekolymsk,RU,67.45,153.6833,48.78,57,17,10.33,few clouds
501,Nome,US,64.5011,-165.4064,58.15,52,1,4.61,clear sky
502,Sinnamary,GF,5.3833,-52.95,75.65,95,100,7.94,light rain
503,Vega De Alatorre,MX,20.0333,-96.6333,87.01,62,39,13.58,scattered clouds
504,Coquimbo,CL,-29.9533,-71.3436,55.13,94,75,6.46,broken clouds
505,Krasnoarmeysk,RU,51.0239,45.6969,64.15,65,82,9.46,broken clouds
506,Voyvozh,RU,62.892,54.9635,40.62,66,100,3.78,overcast clouds
507,Taksimo,RU,56.3444,114.8794,45.54,79,55,2.84,broken clouds
508,Ostrovnoy,RU,68.0531,39.5131,45.23,47,100,17.76,overcast clouds
509,Bambous Virieux,MU,-20.3428,57.7575,73.22,100,20,8.59,light rain
510,Taywarah,AF,33.35,64.4167,54.43,48,58,8.25,broken clouds
511,Anadyr,RU,64.75,177.4833,39.7,93,75,8.01,broken clouds
512,Superior,US,46.7208,-92.1041,46.47,69,40,16.11,scattered clouds
513,Ginir,ET,7.1333,40.7,56.86,88,90,5.82,overcast clouds
514,Ilulissat,GL,69.2167,-51.1,57.22,28,40,21.85,scattered clouds
515,Dunedin,NZ,-45.8742,170.5036,48.79,66,93,7.0,overcast clouds
516,Tura,IN,25.5198,90.2201,73.06,91,83,3.98,broken clouds
517,Pankrushikha,RU,53.8319,80.3406,47.1,63,33,14.74,scattered clouds
518,Umm Kaddadah,SD,13.6017,26.6876,91.67,9,47,12.26,scattered clouds
519,Touros,BR,-5.1989,-35.4608,85.1,69,50,16.82,scattered clouds
520,Umm Lajj,SA,25.0213,37.2685,87.04,54,68,4.83,broken clouds
521,Pondicherry,IN,11.93,79.83,87.42,59,84,10.58,broken clouds
522,Beringovskiy,RU,63.05,179.3167,32.56,97,100,2.48,overcast clouds
523,Muswellbrook,AU,-32.2667,150.9,40.84,90,0,4.12,clear sky
524,Zaysan,KZ,47.4667,84.8667,72.75,35,14,10.83,few clouds
525,Nogales,MX,31.3086,-110.9422,87.19,8,1,9.93,clear sky
526,Prieska,ZA,-29.6641,22.7474,65.03,28,94,8.19,overcast clouds
527,Boyolangu,ID,-8.1181,111.8935,75.61,95,65,2.1,broken clouds
528,Kropotkin,RU,45.4375,40.5756,62.74,92,32,7.05,scattered clouds
529,Amboasary,MG,-25.0333,46.3833,66.67,86,0,4.59,clear sky
530,Dong Hoi,VN,17.4833,106.6,79.47,89,69,3.02,broken clouds
531,Ouesso,CG,1.6136,16.0517,72.0,98,100,1.72,light rain
532,Lillooet,CA,50.6856,-121.942,52.56,56,69,8.05,broken clouds
533,Huarmey,PE,-10.0681,-78.1522,71.69,79,52,9.06,broken clouds
534,Selizharovo,RU,56.8519,33.4487,56.28,72,78,6.02,broken clouds
535,Salalah,OM,17.0151,54.0924,84.29,84,20,4.61,few clouds
536,Caravelas,BR,-17.7125,-39.2481,80.46,63,47,8.75,scattered clouds
537,Kaeo,NZ,-35.1,173.7833,49.32,95,47,5.46,scattered clouds
538,Olinda,BR,-8.0089,-34.8553,78.53,73,75,17.4,broken clouds
539,Poplar Bluff,US,36.757,-90.3929,89.33,64,40,1.99,scattered clouds
540,Marrakesh,MA,31.6315,-8.0083,87.87,29,40,8.05,scattered clouds
541,Esperance,AU,-33.8667,121.9,58.32,49,77,17.0,broken clouds
542,High Rock,BS,26.6208,-78.2833,84.22,70,84,4.59,broken clouds
543,Ishikari,JP,43.2397,141.3539,53.26,95,100,4.36,overcast clouds
544,Richards Bay,ZA,-28.783,32.0377,69.15,72,12,11.72,few clouds
545,Antsohihy,MG,-14.8796,47.9875,71.02,78,9,2.17,clear sky
546,Makarov,RU,48.6333,142.8,38.77,92,46,1.39,scattered clouds
547,Dongsheng,CN,39.8161,109.9776,51.08,26,0,9.95,clear sky
548,Itoman,JP,26.1247,127.6694,79.57,94,40,5.75,scattered clouds
549,Madimba,TZ,-10.4,40.3333,71.49,73,5,8.46,clear sky
550,Vanimo,PG,-2.6741,141.3028,77.97,87,98,3.74,overcast clouds
551,Mwene-Ditu,CD,-7.0,23.45,71.17,43,17,3.58,few clouds
552,Gualeguay,AR,-33.1416,-59.3097,69.73,55,2,9.78,clear sky
553,Benghazi,LY,32.1167,20.0667,73.24,63,8,12.28,clear sky
554,San Vicente,AR,-26.6167,-54.1333,76.87,41,49,4.47,scattered clouds
555,Margate,GB,51.3813,1.3862,63.86,62,46,1.99,scattered clouds
556,Ambovombe,MG,-25.1667,46.0833,67.42,82,0,6.15,clear sky
557,Kruisfontein,ZA,-34.0033,24.7314,57.88,77,94,6.08,overcast clouds
558,Kupang,ID,-10.1667,123.5833,78.62,67,35,16.15,scattered clouds
559,Great Yarmouth,GB,52.6083,1.7305,59.56,83,17,4.68,few clouds
560,Hualmay,PE,-11.0964,-77.6139,71.4,76,58,8.86,broken clouds
561,Moose Factory,CA,51.2585,-80.6094,37.4,48,90,11.5,overcast clouds
562,Olga,RU,43.7444,135.2892,46.53,98,100,8.23,overcast clouds
563,Rodrigues Alves,BR,-7.738,-72.6509,89.8,45,12,0.63,few clouds
564,Praia Da Vitoria,PT,38.7333,-27.0667,65.75,63,20,10.85,few clouds
565,Sao Joao Da Barra,BR,-21.6403,-41.0511,80.69,75,82,10.11,broken clouds
566,Tricase,IT,39.9304,18.3553,71.31,68,0,3.36,clear sky
567,Stolin,BY,51.8912,26.846,58.69,83,25,9.8,scattered clouds
568,Teguldet,RU,57.3064,88.1667,44.44,79,37,11.81,scattered clouds
569,Guilin,CN,25.2819,110.2864,75.31,96,94,1.36,overcast clouds
570,Ambon,ID,-3.6954,128.1814,80.78,71,94,13.96,overcast clouds
571,Lata,PT,40.1629,-8.3327,76.71,52,100,5.79,overcast clouds
572,Moree,AU,-29.4667,149.85,41.02,81,0,6.91,clear sky
573,Bom Jesus,BR,-9.0744,-44.3586,97.68,19,57,8.66,broken clouds
574,Russell,US,32.3502,-85.1999,88.97,53,20,6.71,few clouds
575,San Bartolo,MX,19.1833,-100.05,79.48,35,97,5.23,overcast clouds
576,Bloemfontein,ZA,-29.1211,26.214,53.08,40,0,5.75,clear sky
577,Manzhouli,CN,49.6,117.4333,45.63,72,48,4.21,scattered clouds
578,Husavik,IS,66.0449,-17.3389,62.51,34,18,14.63,few clouds
579,Sokoni,TZ,-6.4333,39.55,78.98,74,5,17.56,clear sky
580,Siguiri,GN,11.6667,-9.5,99.97,22,70,3.2,broken clouds
581,Amasya,TR,40.6667,35.8333,67.68,79,3,4.63,clear sky
582,Jablah,SY,35.3614,35.9256,73.69,56,0,4.61,clear sky
583,Westport,US,41.1415,-73.3579,83.35,41,75,1.01,broken clouds
584,Balakovo,RU,52.0278,47.8007,60.4,61,9,9.4,clear sky
585,Zhigansk,RU,66.7697,123.3711,47.71,66,57,18.3,broken clouds
586,Bure,ET,10.7,37.0667,67.87,52,97,8.63,overcast clouds
587,Port-Gentil,GA,-0.7193,8.7815,79.39,83,42,14.36,scattered clouds
588,Bahia Blanca,AR,-38.7196,-62.2724,67.35,44,99,18.39,overcast clouds
589,Morgan City,US,29.6994,-91.2068,89.04,70,20,5.46,few clouds
590,Iznoski,RU,54.9881,35.3108,57.78,93,41,3.53,scattered clouds
591,Boende,CD,-0.2167,20.8667,78.57,66,51,3.04,broken clouds
592,Ferkessedougou,CI,9.6,-5.2,90.86,43,66,8.03,broken clouds
593,Key West,US,24.5557,-81.7826,82.4,69,40,11.5,scattered clouds
594,Guerrero Negro,MX,27.9769,-114.0611,67.73,60,52,17.96,broken clouds
595,Yokadouma,CM,3.5167,15.05,72.1,95,97,2.51,light rain
596,Shache,CN,38.4167,77.2406,75.49,17,51,3.11,broken clouds
597,Pimenteiras,BR,-6.2453,-41.4192,95.25,20,24,8.93,few clouds
598,Leninskoye,KZ,41.7589,69.3864,82.33,41,23,7.81,few clouds
599,Paragominas,BR,-2.9667,-47.4833,90.03,45,88,2.55,overcast clouds
600,Caruray,PH,10.3094,119.0128,80.71,85,100,2.68,overcast clouds
601,Yinchuan,CN,38.4681,106.2731,64.49,19,0,4.92,clear sky
602,Phonhong,LA,18.5007,102.4166,76.87,92,27,1.05,heavy intensity rain
603,Aviles,ES,43.5547,-5.9248,63.18,76,20,5.99,few clouds
604,Dhrangadhra,IN,22.9833,71.4667,87.39,66,56,16.69,broken clouds
605,Requena,ES,39.4883,-1.1004,64.13,50,99,7.56,overcast clouds
606,Port Hardy,CA,50.6996,-127.4199,51.98,87,90,5.75,overcast clouds
607,Sinaia,RO,45.35,25.55,59.88,95,70,2.15,broken clouds
608,Khandbari,NP,27.3747,87.2039,69.6,95,100,1.66,overcast clouds
609,Byron Bay,AU,-28.65,153.6167,52.88,88,6,9.84,clear sky
610,Lishui,CN,28.4604,119.9103,73.8,95,100,1.61,light rain
611,Raymondville,US,26.4815,-97.7831,92.59,52,9,17.49,clear sky
612,Springbok,ZA,-29.6643,17.8865,54.99,55,73,3.49,broken clouds
613,Iranshahr,IR,27.2025,60.6848,98.94,9,0,4.61,clear sky
614,College,US,64.8569,-147.8028,57.15,54,75,6.91,broken clouds
615,Muros,ES,42.7762,-9.0603,73.69,63,98,9.4,overcast clouds
616,Pareora,NZ,-44.4871,171.2132,42.19,83,100,1.86,overcast clouds
617,Pangnirtung,CA,66.1451,-65.7125,32.0,86,20,16.11,few clouds
618,Miri,MY,4.4148,114.0089,79.23,87,92,3.11,overcast clouds
619,Clinton,US,42.587,-82.9199,70.97,52,75,1.99,broken clouds
620,Zhanaozen,KZ,43.3,52.8,69.44,57,28,10.33,scattered clouds
621,Boali,CF,4.8005,18.1275,73.04,94,89,2.68,moderate rain
622,Lagos,NG,6.5833,3.75,82.27,78,44,8.46,scattered clouds
623,Sechura,PE,-5.5569,-80.8222,77.56,66,34,12.68,scattered clouds
624,Dekar,BW,-21.5333,21.9333,60.87,27,0,5.21,clear sky
625,Ilhabela,BR,-23.7781,-45.3581,74.44,64,14,4.76,few clouds
626,Okha,RU,53.5739,142.9478,31.66,94,43,5.3,scattered clouds
627,Mount Gambier,AU,-37.8333,140.7667,50.0,83,55,6.62,broken clouds
628,Atambua,ID,-9.1061,124.8925,70.23,80,36,7.4,scattered clouds
629,Wufeng,CN,27.45,104.8333,58.15,83,100,2.21,overcast clouds
630,Schweinfurt,DE,50.05,10.2333,53.74,89,98,8.1,overcast clouds
631,Mocuba,MZ,-16.8392,36.9856,63.01,96,4,3.04,clear sky
632,Abu Dhabi,AE,24.4667,54.3667,93.22,38,0,15.12,clear sky
633,Nioro,GM,13.35,-15.75,103.06,14,38,8.1,scattered clouds
634,Kulhudhuffushi,MV,6.6221,73.07,82.6,78,90,21.14,overcast clouds
635,Urucara,BR,-2.5364,-57.76,85.3,66,59,3.2,broken clouds
636,Jaciara,BR,-15.9653,-54.9683,94.59,29,0,4.41,clear sky
637,Aykhal,RU,66.0,111.5,43.34,83,54,8.75,broken clouds
638,Mawlaik,MM,23.6333,94.4167,80.26,78,100,1.25,overcast clouds
639,Lamar,US,33.6668,-95.5836,84.88,68,90,14.92,overcast clouds
640,Kangaatsiaq,GL,68.3065,-53.4641,35.94,87,77,12.33,broken clouds
641,Martapura,ID,-3.4167,114.85,80.69,83,32,1.7,scattered clouds
642,Pudozh,RU,61.8099,36.5345,52.14,73,21,2.89,few clouds
643,Ranong,TH,9.9658,98.6348,79.09,89,100,10.13,light rain
644,Gizo,SB,-8.103,156.8419,76.15,91,100,6.67,moderate rain
645,Luba,GQ,3.4568,8.5547,81.77,80,57,7.92,broken clouds
646,Pedro Ii,BR,-4.4247,-41.4586,87.03,34,6,5.21,clear sky
647,Puerto Colombia,CO,10.9878,-74.9547,89.69,73,98,21.72,overcast clouds
648,Mackenzie,CA,55.2999,-123.1698,44.82,100,90,5.75,overcast clouds
649,Sisimiut,GL,66.9395,-53.6735,39.96,75,98,3.38,overcast clouds
650,Uni,RU,57.7535,51.4923,53.67,67,32,5.44,scattered clouds
651,San Cristobal,VE,7.7669,-72.225,77.18,61,70,6.78,broken clouds
652,Manokwari,ID,-0.8667,134.0833,77.99,79,25,3.8,scattered clouds
653,Tela,HN,15.7833,-87.45,95.07,84,75,6.91,broken clouds
654,Suez,EG,29.9737,32.5263,77.9,42,0,13.47,clear sky
655,Bocaiuva,BR,-17.1078,-43.815,89.76,31,18,7.29,few clouds
656,La Reforma,MX,25.0833,-108.05,94.14,22,34,10.2,scattered clouds
657,Altamira,BR,-3.2033,-52.2064,93.79,37,20,2.19,few clouds
658,Roald,NO,62.5833,6.1333,62.17,76,0,13.8,clear sky
659,Fujin,CN,47.26,132.0322,50.9,76,83,4.56,broken clouds
660,Takaungu,KE,-3.6837,39.8566,81.09,83,17,14.67,few clouds
661,Yumen,CN,40.2833,97.2,70.25,17,97,10.78,overcast clouds
662,Tabou,CI,4.423,-7.3528,82.24,75,47,7.61,scattered clouds
663,Kars,TR,40.602,43.095,59.45,47,0,2.3,clear sky
664,Bagado,CO,5.4116,-76.4152,85.62,77,67,3.04,moderate rain
665,Palmer,US,42.1584,-72.3287,80.11,45,15,1.01,few clouds
666,Goure,NE,13.9835,10.2704,96.03,4,6,8.1,clear sky
667,Yuzawa,JP,39.1667,140.5,57.69,96,100,6.4,light rain
668,Ilo,PE,-17.6394,-71.3375,67.06,73,75,5.75,broken clouds
669,Tres Passos,BR,-27.4556,-53.9319,74.26,38,43,3.56,scattered clouds
670,Sebinkarahisar,TR,40.2883,38.4236,59.92,51,36,2.37,scattered clouds
671,Gushikawa,JP,26.3544,127.8686,78.8,94,75,3.69,broken clouds
672,Corum,TR,40.5,34.75,59.5,54,15,5.37,few clouds
673,Kyren,RU,51.6828,102.1408,46.92,74,53,0.83,broken clouds
